Details,PageH1heading,URL,articlecreateddate,linkurls,pagetitle
"Displaying
                            , out of
                            , results
                        ,
                            ,
                            , of
                            ,
                        ,CopyrightÂ© Mediacorp 2019. Mediacorp Pte Ltd. All rights reserved.","DIGITAL TRANSFORMATION,
                                    ,
                                ",https://www.channelnewsasia.com/news/topic/digital-transformation,,https://www.channelnewsasia.com/news/singapore/m-social-singapore-bags-digital-transformation-awards-for-hotel-9450396,DIGITAL TRANSFORMATION latest news & coverage
"Mumbrella Asia Awards,Mumbrella360 Asia,Mumbrella360 Asia,Mediacorp-owned news organisation Channel NewsAsia has rebranded itself as CNA.,The name change reflects a larger transformation underway at the organisation which will see the launch of radio station CNA Talk, the start of a citizen-journalism initiative called Tell CNA and an increasing reliance on artificial intelligence.,The announcement was made by Mediacorp chairman Niam Chiang Meng speaking at an event held to commemorate the channelâ€™s 20th anniversary.,He said: â€œAs part of our transformation, the brand name of Channel NewsAsia will be shortened to just CNA.,â€œWe are dropping the TV-centric reference to a channel, so we can embrace our new transmedia multi-platform reality. When you look at Channel NewsAsia, people remember â€˜channelâ€™ and the TV box. Itâ€™s no longer just looking at TV boxes; we are much more than that.â€,CNA will also be rejigging its radio operation, Niam announced. He said: â€œCNA Talk will feature more live talk radio around news and current affairs.â€ The station is expected to be an â€œimprovement upon the existing 938NOWâ€ according to a release from CNA.,He also announced the launch of the Tell CNA initiative which will go live later this year.,He said: â€œIt will provideÂ  a single seamless platform for the public submission of text, photos or videos to our mobile, website and WhatsApp applications. Content, of course, will be verified by our team of editors before being reported.â€,Other initiatives announced at the event was a greater reliance on AI. Niam said: â€œWe are also looking at AI to see if we can produce various facets of our news more productively.,â€œThis is being done in many other news agencies including Bloomberg where about a third of their news is done by AI. Xinhua is using AI to do presentations of their news and so on.â€,A new programme Asia First will combine two of the channelâ€™s morning show First Look Asia and Asia Business First which will offer synchronised live news coverage between television radio station and digital platforms.,The changes come against the backdrop of a larger shift away from , at Mediacorp with a CPM-oriented rate cards and offers of up to 80% in savings.,
,
,
,
,
,
,
,
,
,
,
,
,
,
,Sign up to our free daily update to get the latest in media and marketing",â€˜We are much more than TV boxesâ€™ says Channel NewsAsia as it rebrands to CNA,https://www.mumbrella.asia/2019/04/we-are-much-more-than-tv-boxes-says-channel-newsasia-as-it-rebrands-to-cna,,"https://www.mumbrella.asia/2019/03/building-a-brand-when-all-around-you-are-losing-theirs,https://www.mumbrella.asia/2019/03/lazada-aiming-to-dominate-ecommerce-in-south-east-asia-and-act-as-a-brand-incubator,https://www.mumbrella.asia/2019/03/mediacorp-reboots-tv-rate-card-with-discounts-of-80-to-draw-in-new-economy-advertisers,https://www.mumbrella.asia/2019/03/mediacorp-launches-integrated-branded-content-offering-under-creative-central-banner,https://www.mumbrella.asia/2018/12/channel-newsasia-now-part-of-streaming-service-iflixs-news-offering,https://www.mumbrella.asia/2018/12/cna-lifestyle-and-tatler-publisher-to-collaborate-on-luxury-content-for-mediacorp",'We are much more than TV boxes' says Channel NewsAsia as it rebrands to CNA - Mumbrella Asia
"
                                Volkswagen will invest up to 4 billion euros over the years to 2023 to digitalise its administration and production, the German carmaker said on Wednesday, adding that up to 4,000 jobs in non-production units could be cut.,BERLIN: Volkswagen will invest up to 4 billion euros over the years to 2023 to digitalise its administration and production, the German carmaker said on Wednesday, adding that up to 4,000 jobs in non-production units could be cut.,""At least 2,000 new jobs related to digitalization are to be created,"" the Wolfsburg-based company said.,Works council head Bernd Osterloh added there would be no forced layoffs until 2029.,(Reporting by Thomas Seythal, editing by Thomas Escritt),It looks like the email address you entered is not valid.,CopyrightÂ© Mediacorp 2019. Mediacorp Pte Ltd. All rights reserved.","Volkswagen to invest up to 4 billion euros in digital transformation,Volkswagen to invest up to 4 billion euros in digital transformation",https://www.channelnewsasia.com/news/business/volkswagen-to-invest-up-to-4-billion-euros-in-digital-transformation-11598680,05 Jun 2019 03:30PM,,Volkswagen to invest up to 4 billion euros in digital transformation - CNA
"SINGAPORE: As Channel NewsAsia celebrated its 20th anniversary on Friday (Mar 29), it dropped its television-centric reference to â€œchannelâ€ and , to embrace a new transmedia, multi-platform identity.,Speaking during the dinner celebrations, Mediacorp Chairman Niam Chiang Meng highlighted that CNA has been â€œworking hardâ€ to ,, available on every platform that the public is using to stay relevant in todayâ€™s media landscape.,â€œWe intend to be an impartial provider of accurate information and insights, and a source to uplift the standards of journalism and knowledge amongst the public,â€ said Mr Niam.,He also noted the recent proliferation of , and commented how accuracy is no longer as valued.,â€œMuch has changed in the media landscape today. Aggregators, online news, celebrity bloggers and citizen journalism have become commonplace. It is no longer easy to differentiate opinions from facts â€¦ It's no wonder that public indifference and cynicism have grown,â€ he said.,CNAâ€™s move into a fully transmedia future is aligned with , overall transformation. Mediacorp content is consumed by audiences on TV, on radio and digitally on their preferred devices.,Digitally, CNA content is consumed by an increasing average of about 10 million unique visitors, generating about 73 million page views every month.,Moreover, CNA enjoys robust traction on social media. With 2.8 million Facebook followers and an average of 26 million Facebook video views every month, CNA holds claim to having the highest social following on Facebook amongÂ news networks in Singapore.,In addition, , is now the number one lifestyle website in Singapore, drawing almost 830,000 unique visitors every month.,CNAâ€™s premium programming also reaches more than 82 million households in 29 territories across Asia, the Middle East and Australia. It draws an average of more thanÂ 600,000 PMEBs across TV and digital in Singapore monthly.,Its digital developments are bolstered by back-end IPs like the in-house content analytics platform RIPPLE, which aggregates analytics of reader consumption patterns and characteristics, trending themes and performance predictions to enhance the efficacy of editorial decision-making.,Commenting on CNAâ€™s development over the years, Editor-in-Chief for Mediacorp Walter Fernandez said: â€œCNAâ€™s raison d'Ãªtre as a readily accessible source of Asian-centric reporting has endured since its establishment two decades ago. We are dedicated to serving as a source of trusted news, available anytime, anywhere and on any device.â€,He added that CNA differentiates itself by having its â€œcentre of gravity in Asia and navigating culturesâ€.,â€œWe scrutinise our information and dive deeper to deliver regional news of global significance, all the time applying an Asian lens to our coverage,â€ added Mr Fernandez.,As it steps into its third decade, CNA will roll-out customer-centric content that reinforces its reputation as a proactive player in a multi-platform mediascape.,Firstly, the CNA Leadership Summit will be launched, slated for the third quarter of 2019. The inaugural conference will bring multi-industry movers and shakers together for a debate and discourse about â€œAsian Leadership in Global Innovationâ€.,Secondly, Tell CNA, a platform for public submission of audiovisual material through its website, WhatsApp or mobile apps, will be rolled out. The content will be verified before it is reported by CNAâ€™s editorial team.,Thirdly, a new radio station CNA Talk will be launched. The station is an improvement upon the existing 938NOW, its live talk-show format assigns an avenue for two-way audio dialogue with audiences.,Lastly, a news and current affairs programme blending the best of Asia Business First and First Look Asia â€“ dubbed Asia First â€“ will be introduced. The series will showcase cross-platform synergy by syncing live coverage between CNA's radio and TV news studios, and the show is available at consumersâ€™ convenience via online viewing and listening.,Looking ahead to the future, Mr Fernandez said: â€œAs CNA enters its third decade, I am confident that the CNA team will continue to uphold our long-held mission to be a trusted source of news and stories of Asia for the world.â€,It looks like the email address you entered is not valid.,CopyrightÂ© Mediacorp 2019. Mediacorp Pte Ltd. All rights reserved.","Channel NewsAsia to adopt â€˜CNAâ€™ as its brand name,Channel NewsAsia to adopt â€˜CNAâ€™ as its brand name",https://www.channelnewsasia.com/news/singapore/channel-newsasia-to-adopt-cna-as-its-brand-name-11393530,29 Mar 2019 08:01PM,"https://www.channelnewsasia.com/news/singapore/cna-20th-anniversary-role-more-important-than-ever-pm-lee-11393660,https://www.channelnewsasia.com/news/singapore/cna-commits-to-a-fully-transmedia-future-to-remain-relevant-11393570",Channel NewsAsia to adopt â€˜CNAâ€™ as its brand name - CNA
"SINGAPORE: Robertson Quay hotel M Social Singapore has picked up two awards at theÂ International Data Corporation Digital Transformation Awards 2017 for introducing a delivery robot in its hotels, parent company Hong Leong Group announced on Tuesday (Nov 28).Â ,The Autonomous Service Delivery Robot (AURA)Â delivers bottled water, towels, toiletries and amenities to guest rooms and mingles with guests at M Social, according to Hong Leong Group.,The robot can operate and ride in elevators, navigate its way to a guestâ€™s door, let them know that a delivery has arrived, then open its lid for guests when they answer the door.,The company added in the press release that AURA, the first such robot in the region, has been integrated with various subsystems in the hotel such as the networks, elevators and telephone systems.,For ""addressing with innovation the serious manpower shortage in the hospitality sector"", M Social was namedÂ â€œDX Leader for Operational Transformation in Singaporeâ€ and â€œDX Leader for Operational Transformation in the Regionâ€, Hong Leong Group said.Â ,The hotel is part of Millennium & Copthorne Hotels, the London-listed hotel arm of Hong Leong Group.Â ,Millennium Hotels and Resorts vice president of operations in Singapore Lee Richards said AURA will be rolled out in the hotel group's other Singapore hotels next year.Â ,TheseÂ include Grand Copthorne Waterfront, M Hotel, Orchard Hotel, Copthorne Kingâ€™s and Studio M.,It looks like the email address you entered is not valid.,CopyrightÂ© Mediacorp 2019. Mediacorp Pte Ltd. All rights reserved.","M Social Singapore bags digital transformation awards for hotel delivery robot,M Social Singapore bags digital transformation awards for hotel delivery robot",https://www.channelnewsasia.com/news/singapore/m-social-singapore-bags-digital-transformation-awards-for-hotel-9450396,29 Nov 2017 11:33AM,,M Social Singapore bags digital transformation awards for hotel delivery robot - CNA
"
                                Speaking at a gala dinner celebrating the 20th anniversary of the news provider, Mr Lee said that the transformation of CNA is not a moment too soon.,SINGAPORE: The media landscape has become a far more cacophonous space, but it is precisely in this new environment that trusted news sources like CNA are more important than ever, Prime Minister Lee Hsien Loong said on Friday (Mar 29).,Speaking at a gala dinner celebrating the ,, Mr Lee noted the transformation itÂ has been making over the years as media consumption patterns change.,â€œTwentyÂ years ago, people would read the newspaper in the morning for news from the preceding dayÂ and watch the evening news broadcast on TV for an update on the dayâ€™s events,â€ he said. â€œToday, however, with social media and the Internet, we consume news in real time, across multiple channels and platforms.â€,â€œTraditional news broadcasters have no choice but to adapt, and to adapt quickly,â€ he said, adding that CNAâ€™s transformation comes ""not a moment too soon"".,Mr Lee noted that from a single channel, CNA has become a multi-platform digital news source, including television, online and radio.Â ,â€œYou have experimented with video, podcasts, interactive graphicsÂ and augmented reality, and even used drones to capture live footage, to engage viewers and enhance your storytelling,â€ he said.,He also described how CNA has branched out to produce original content, including current affairs programmes like The New Silk Road and Wild City, which have won international awards.,â€œCNA today is one voice amongst many. It is much harder for you to hold your audienceâ€™s attention. You have to fight to get your voice through.,â€œAt the same time, your audience has a harder task to filter out the noise,Â and sieve out facts from the ocean of hearsay, propaganda and fake news,â€ he added.,Amid these developments in the media landscape, he stressed that CNAâ€™s role has become more important than ever.,â€œViewers, readers and listeners need to know where they can get reliable and factual news. They know that you have researched and verified your stories, and organised and presented them as objectively as possible,â€ he said.,â€œThey look to your brand and track record, and trust you to help them make sense of how and why things are happening, so that they can form a coherent and accurate view of the world, and make their own well-informed judgments and decisions,"" he added.,Minister for Communications and Information S Iswaran echoed Mr Lee's sentiments.Â ,Having 13 bureaus across Asia has allowed CNA to bring to viewers a distinctive Asian perspective on issues that matter to the region and also on global matters.,""It's important that a broadcaster has a distinct value proposition and a distinctive voice. And I think that's what Channel NewsAsia has achieved over the last 20 years,"" he said.Â ,Noting that CNA has responded to technological changes well, with its online product and 24/7 news streaming, Mr Iswaran said adaptations such as these allowÂ a broadcaster to remain relevant and competitive.Â ,""After all the technological change, the behavioural and consumption habit changes, I think the most important thing is that one has to remain a trusted source of news and with a reputation for quality journalism,"" he said.Â ,It looks like the email address you entered is not valid.,CopyrightÂ© Mediacorp 2019. Mediacorp Pte Ltd. All rights reserved.","Role of CNA in â€˜cacophonousâ€™ media landscape â€˜more important than everâ€™: PM Lee ,Role of CNA in â€˜cacophonousâ€™ media landscape â€˜more important than everâ€™: PM Lee ",https://www.channelnewsasia.com/news/singapore/cna-20th-anniversary-role-more-important-than-ever-pm-lee-11393660,29 Mar 2019 07:46PM,,Role of CNA in â€˜cacophonousâ€™ media landscape â€˜more important than everâ€™: PM Lee  - CNA
"
                                Technology, such as Augmented Reality and Artificial Intelligence, is increasingly being tapped to help deliver the news, says Mediacorp chairman Niam Chiam Meng on CNA's 20th anniversary.,SINGAPORE: ,intends to be an impartial provider of accurate information and insights, and a source to uplift the standards of journalism and knowledge amongÂ the public as it commits to a fully transmedia future amid the changing media landscape, said Mediacorp chairman Niam Chiang Meng.,â€œMuch has changed in the media landscape today. Aggregators, online news, celebrity bloggers and citizen journalism have become commonplace,â€ he said at CNAâ€™s 20th anniversary gala dinner.,â€œIt is no longer easy to differentiate opinions from facts.â€, has also proliferated, the chairman said.,â€œAccuracy is no longer as valued as in the past. Itâ€™s no wonder that public indifference and cynicism have grown,â€ Mr Niam said.,To stay relevant, CNA has worked hard to transform itself into a transmedia company, available on every platform that the public is using.,As part of this transformation, the brand name of Channel NewsAsia has been shortened to CNA.,â€œWe are dropping the television-centric reference to channel embracing our new transmedia, multiplatform identity,â€ he said.,It is also investing heavily in technology, including augmented reality (AR) and artificial intelligence (AI), to produce various facets of news, as well as exploring various partnerships to grow its content and distribution channels, Mr Niam said.,The chairman also revealed several initiatives to reflect changing needs and preferences.,The first is the introduction of Asia First, a cross-platform programme that will combine the best of the current two morning shows First Look Asia and Asia Business First. The new programme will sync live news coverage between TV and radio studios and CNAâ€™s online digital platform, he said.,CNA Talk will replace news radio station 938Now later this year, with significantly more live talk radio built around news and current affairs, he added.,A single integrated user-generated content platform, called Tell CNA, will also be launched later this year. This will give the public a seamless platform to send text, photos or videos through the website, WhatsApp or mobile app, Mr Niam said, adding the content will be verified by its team of editors before reporting is done.,The chairman revealed that Mediacorp will also host the inaugural CNA Leadership Summit, slated for the third quarter of 2019. The conference will bring together thought leaders from different industries on the topic of Asian leadership in global innovation, he said.,â€œWe intend to be an impartial provider of accurate information and insights, and a source to uplift the standards of journalism and knowledge amongst the public,â€ Mr Niam said.,It looks like the email address you entered is not valid.,CopyrightÂ© Mediacorp 2019. Mediacorp Pte Ltd. All rights reserved.","CNA commits to a fully transmedia future to remain relevant in changing media landscape,CNA commits to a fully transmedia future to remain relevant in changing media landscape",https://www.channelnewsasia.com/news/singapore/cna-commits-to-a-fully-transmedia-future-to-remain-relevant-11393570,29 Mar 2019 07:33PM,,CNA commits to a fully transmedia future to remain relevant in changing media landscape - CNA
"Mumbrella Asia Awards,Mumbrella360 Asia,Mumbrella360 Asia,While television was the dominant home of brand building in the past, the game has changed and ecommerce platforms might just be the next powerhouse for start-ups looking to grow their companies and shift product, writes Mumbrella's Dean Carroll in a piece first published in his 'Best of the Month' newsletter,So the issue that has been nagging at me of late is what brand building will look like in the coming years.,Itâ€™s something Iâ€™ve been thinking about for a while. Weâ€™re are even running a session on the topic at the , in Singapore on May 7, so please do get your tickets and come along.,But why is the issue on my mind so much? Partly because the media and marketing scene now is so different from my pre-internet â€“ before-the-advent-of-mobile-,phones â€“ youth in Brexitland, formerly known as the United Kingdom.,Back then, we all gathered around the magic box in the corner of the room to watch (not very good) content punctuated by some (great) advertising. As a boy, I distinctly remember family and friends frequently uttering the phrase â€œoh, I like this oneâ€ whenever a great television commercial for Leviâ€™s, or some other such zeitgeist brand, came on.,It might not have been a sophisticated model, when compared to todayâ€™s digital labyrinth of complexity, but it worked. And it allowed the likes of Dave Trott, Barbara Nokes, Lee Clow, Dan Wieden, Mary Wear, Diane Croll and Sir John Hegarty to emerge as creative forces able to entertain audiences while selling them product.,But those listed above are pretty much now in the adland hall of fame as legends of yore. And that all-commanding TV mass eyeballs model is all but finished. Take a look at the subject matter that people choose to wax lyrical on when writing our , feature.,Most choices are from the 1980s or 1990s, even those written by millennials (I hate the word too, but shorthand exists for the sake of brevity). That tells its own story.,Indeed, the growing apathy towards TVCs was once again brought home to me this week when our Asia editor Ravi Balakrishnan reported on , and moving from the â€˜gross rating pointsâ€™ metric to the â€˜cost per milleâ€™ measurement.,The reason? Because digital natives and â€œnew economy advertisersâ€ understand CPM very well, but have no concept of (or interest in) GRP. Playing devilâ€™s advocate, a bigger question springs to mind. Do they have any concept of (or interest in) linear TV itself?,Another. Nail. In. The. Coffin. Sadly, those were the alarming keywords that immediately sprang to mind following the Mediacorp revelation. Especially when it was closely followed by the announcement that Channel News Asia is rebranding as â€˜CNAâ€™.,The reason being because CNA no longer wants to be associated with the television-centric word â€˜channelâ€™. Too analogue. Not digital enough for a â€œtransmedia companyâ€, apparently. Letâ€™s be kind and call it pragmatism shall we.,Elsewhere this month though, there were more words of warning about outdated media activations. , and how it was a mistake to focus on TV-centred ads when â€œeverybody is doing everything on their mobile phonesâ€., ,This got me thinking about my own broadcast media habits. Iâ€™m only really subscribed to a bundle from a telco (more on that later) so that I can watch a sample of different news channels, in order to get a rounded view on current affairs. An annoying habit I developed years ago as a journo and one that I know by my wifeâ€™s face she thinks is weird, but is too kind to tell me so.,Of course there are still event TV shows on the networks like Asiaâ€™s Got Talent and Asiaâ€™s Next Top Model that draw a sizeable audience, and the significant advertising revenue to go with it. But to be frank, a good number of network channels and the productions they broadcast are uncared-for and under-resourced.,More often than not, in our house we stick to streaming platforms like Netflix where a degree of care, and budgetary investment, can be assumed. We are not alone, just take a look at how people consume in Mumbrellaâ€™s ,. Netflix is name-checked everywhere and TV networks nowhere.,One top ad agency CEO even told me recently he didnâ€™t give a toss about TV, as his ads were â€œplaying at the cinema down the road right nowâ€. Fair enough, although cinema ads could do with a bit of quality and quantity control too though, itâ€™s fair to say.,But is all this doom and gloom warranted? Perhaps my optic should shift. For certain ad campaigns still connect and gain traction. Even if itâ€™s through column inches and social network debates rather than TV alone. For instance, , tour de force this month was a prize example of that phenomena.,And while respected , will tell you that Volkswagen only survived the emissions scandal due to its brand equity built up from half a century of great TV ads, and that when you walk down the supermarket aisles you will not see one brand built by digital advertising or surveillance targeting of consumers. Well, that may well be missing the point somewhat.,Donâ€™t get me wrong, great ads can certainly still achieve great things. I love to watch them. And TV definitely still has a role to play. But ads usually go viral now because of a number of mediums. They include (organic and paid) social media and influencer campaigns (remember Fyre?) for example, rather than just because of the flickering box in the corner of the room., ,There has been a separation of power. Alternative mass-market arenas for brand building have indeed emerged elsewhere. Iâ€™m not just talking about the Facebook and Google â€˜duopolyâ€™ (I know, Iâ€™m fatigued by the word too but what can you do eh?) here.,In the United States and Europe, Amazon of course dominates retail and ecommerce. This segment is perhaps the new breeding ground for brands fuelled by user reviews, deep-dive product information and then some.,In South East Asia too, we have our very own such behemoth in the form of Alibaba-owned online shopping player Lazada. It delivers our weekly groceries. Itâ€™s where we bought our TV. Itâ€™s my go-to resource when doing any sort of online shopping. And Iâ€™m not even the target audience (â€˜millennialsâ€™ again, sorry to the wordsmiths out there).,With that in mind, I went along to ,a week or so ago. It was quite something. There were 300 of the platformâ€™s top sellers (brands). The sort of start-ups you might see appearing on Shark Tank (full disclosure, I watched it on Netflix not on a TV network) after theyâ€™ve had a successful Kickstarter round to pump-prime their business., ,On top of that, for the event â€“ which would have cost hundreds of thousands of dollars to host and was a statement of intent to the market â€“ more than 120 journalists were flown in from China, Indonesia, Philippines, Malaysia, Thailand and Vietnam. All presentations were simultaneously translated from English into Mandarin, Bahasa, Thai, Filipino and Vietnamese. That ainâ€™t cheap to do.,During the conference, Lazada also launched its inaugural Brands Future Forum Awards. The gongs were designed to celebrate those brands doing interesting things on the platform. The winners were:,The firm claimed at the summit that it would dominate the future and it would do so via â€˜shoppertainmentâ€™ â€“ making shopping fun by way of blending it with entertainment. Explaining the concept, Lazada Group CEO Pierre Poignant mapped out how the newly-introduced livestreaming by sellers on the platform meant that customers could actually â€œengage with brandsâ€.,Sounds like absolute piffle, right? And why would established brands put their bricks and mortar retail offering at risk by colluding with the third-party deathstar of online shopping?,Not necessarily, in the main we are talking about entrepreneurial smaller and medium-sized enterprises here (possibly the big brands of tomorrow). Although, that said, a lot of the big brands are there too. Except for the luxury retailers that is, who are still holding their noses.,The company has also integrated gamification, influencers and , into its app. These tools are already embraced wildly by consumers in China and are coming here next. Think Singles Day â€“ now the biggest online shopping event in the world â€“ on steroids.,Lazada claims all of this will help it, and the new brands being built on its platform, to harvest rich customer data that is indicative of buyer behaviour and trends.,For we know that parent company Alibabaâ€™s gross merchandise value of products sold through its platforms is in excess of $485 billion. More than Amazon. More than Walmart. It is, without a doubt, the worldâ€™s largest retailer.,Lazada, therefore, does indeed have the critical mass behind it to rule South East Asia (it says it has no global ambitions due to competition in other markets from Amazon and its own parent company). It could still be losing hundreds of millions a year, as it was before the Alibaba acquisition in 2016. However, if so, thatâ€™s at least partly due to it building its own supply chain and investing for growth in tangible assets like warehouses, planes, ships and so on.,Here I want to reference for a minute marketing ,.,Lazada and its parent company Alibaba have the capital, the products, the regional reach, a degree of likability, vertical integration (even the idea of buying finance products on the app has been floated), the technology, the accelerant of top talent on their exec team and the geographical advantage; with Lazadaâ€™s Singapore headquarters being in SE Asiaâ€™s true business hub and Alibaba dominating in Chinaâ€™s mind-bogglingly massive market.,Indeed, Lazada Group president Jing Yin told me: â€œWe want to be the incubator for new brands in South East Asia. Itâ€™s about giving the opportunity to the young dreamers.â€ In short, the ambition is to be the dominant home of brand building, just as TV once was back in the golden age of television.,So just maybe big tech platforms will be where the brand building of tomorrow gets done. Assuming that ,status and then break up the alleged monopolies in America, as she has promised to do. A trend that would no doubt make its way to the shores of Asia over time.,The good news is that brand building has a future. It simply looks nothing like the past. So I guess all of us in media and marketing land should be thankful for small mercies and try our best to adapt to the new normal.,And before I go, I did promise to tell you about my telco experience. So here goes.,Around a month ago, we moved out from the city to Singaporeâ€™s suburbs. As a result, we signed up for a new telco contract. A set-top box was tardily delivered and we settled down to enjoy some Netflix and myriad news channels (as I said, I know itâ€™s weird).,Just two weeks later, said set-top box overheated and stopped working. A new one was eventually delivered â€“ the telco first asking if we could take it back to the store ourselves and pick up the replacement. As you can imagine, â€œno thanksâ€ was the polite answer.,When the engineer finally came out to our home to do a diagnosis, he explained that the new (smaller than before) set-top box had been badly designed. There was no longer the proper amount of ventilation incorporated into the design. Therefore, the replacement was likely to overheat again.,â€œMy suggestion is to buy a fan and direct it at the box whenever you are using it,â€ he helpfully told us. â€œNo thanksâ€ was once again the polite reply from our side. True to his word, the replacement set-top box also overheated within three weeks and developed the same fault as the one before.,No problem. Letâ€™s call the customer service line we thought. On doing so, we were told by the robot on the other end that the waiting time to speak to the human customer service agent was up to 30 minutes. No matter we thought, letâ€™s fill in the online form to get this sorted. It was a fairly easy process and we immediately got a response: â€œWe have received your email and will get back to you within three working days.â€, ,What responsiveness. What agility. What customer care. Thatâ€™s exactly what we didnâ€™t think. Why am I telling you this? Well, the reason is that said telco is now at minus five on the brand index in my view. The whole experience was the opposite of brand building. It was, in effect, brand demolition.,And I suspect Iâ€™m not alone in having this experience with said telco in Singapore. You can probably guess the brand, but buy me a coffee and Iâ€™ll tell you which one it was.,You probably wonâ€™t be surprised to learn that the same telco runs the most lavish TVCs around. Admittedly, some of them are pretty damn good thanks to the client choosing a great creative agency. Coffee wonâ€™t be enough this time mind, youâ€™ll have to fork out for lunch to get the agency out of me.,Anyway, I digress. Back to the matter at hand.,What is my message to the telco brand in question? Learn from history before itâ€™s too late. Complacency kills. You may have decades of solid business under your belt, but the Netflix and Lazadas of this world are hungry. So beware. They are coming for your breakfast, lunch and dinner., ,Dean is the general manager at Mumbrella Asia. He is an experienced British journalist, who has worked in a number of international markets including Singapore, Australia, Dubai, Switzerland and the United Kingdom. As well as his media work, he is also a published academic.,I think Mark Ritson best summed up the issue with this sort of narrative with his lament about the â€˜pornography of changeâ€™.,Talking about â€˜nails and coffinsâ€™ might make for provocative copy, but it doesnâ€™t really stack up if you analyse some of the key assertions this article makes:,1. â€œThat all-commanding TV mass eyeballs model is all but finishedâ€. If that is the case, then why are Google, Facebook and Amazon ploughing money into TV advertising (just check out the Amazon Super Bowl ads)? And why retailers around the world trying to replicate the John Lewis Christmas TV ad every year?,2. â€œJust take a look at how people consume in Mumbrellaâ€™s â€˜My media habitsâ€™ seriesâ€. Why? Marketing professionals are not representative of the broader population. We might only watch Netflix on our iPhones but in many countries (eg US, UK) the proportion of people who view video ads through broadcast TV is about 70%.,3. â€œIn the United States and Europe, Amazon of course dominates retail and commerceâ€ â€“ it doesnâ€™t, not really. In the US, Amazon has 4% of all retail sales. Thatâ€™s less than half of Walmart.,4. â€œThe Netflix and Lazadas of this world are hungry. So beware. They are coming for your breakfast, lunch and dinnerâ€. Not quite. Yes, they are growing quickly. But a reality check is needed. For example, â€œEven Netflixâ€™s own data show that its members derive only 8% of their total video from their platformâ€ (Professor Ritson again).,There are some interesting thoughts in this article, but a more balanced perspective on the reality of how brands need to evolve their marcomms mix would be welcome.,The world isnâ€™t black and white. Itâ€™s a lovely shade of grey ğŸ˜‰,Good points,I would say though that it feels this articleâ€™s arguments are skewed by the author living in Singapore, where there is no question that linear TV is dead. Has been for many years, which is why other media options are popular. Hardly representative of a broader trend though.,
,
,
,
,
,
,
,
,
,
,
,
,
,
,Sign up to our free daily update to get the latest in media and marketing",Building a brand when all around you are losing theirs,https://www.mumbrella.asia/2019/03/building-a-brand-when-all-around-you-are-losing-theirs,,,Building a brand when all around you are losing theirs - Mumbrella Asia
"Mumbrella Asia Awards,Mumbrella360 Asia,Mumbrella360 Asia,
,
,
,
,
,
,
,
,
,
,
,
,
,
,Sign up to our free daily update to get the latest in media and marketing",Channel NewsAsia now part of streaming service iflixâ€™s news offering,https://www.mumbrella.asia/2018/12/channel-newsasia-now-part-of-streaming-service-iflixs-news-offering,,,Channel NewsAsia now part of streaming service iflix's news offering - Mumbrella Asia
"Mumbrella Asia Awards,Mumbrella360 Asia,Mumbrella360 Asia,
,
,
,
,
,
,
,
,
,
,
,
,
,
,Sign up to our free daily update to get the latest in media and marketing",Mediacorp launches branded content offering under Creative Central banner,https://www.mumbrella.asia/2019/03/mediacorp-launches-integrated-branded-content-offering-under-creative-central-banner,,,Mediacorp launches branded content offering under Creative Central banner - Mumbrella Asia
"Mumbrella Asia Awards,Mumbrella360 Asia,Mumbrella360 Asia,Tatler publisher Edipresse Media and Channel NewsAsiaâ€™s Lifestyle platform have a signed a multi-year agreement to create luxury content for Mediacorp.,The deal will extend to the creation of content marketing for brands who are â€œkeen to engage with premium audiences across online and offline platformsâ€.,Content will be hosted on Mediacorp and Edipresse Media platforms across digital, TV, radio and events.,A statement said the aim was to create â€œa richer experience for consumers and advertisersâ€.,CNA Lifestyle was launched in September with a focus on upmarket dining, travel, style and wellness in Singapore and the wider Asia region. Mediacorp claimed CNA Lifestyle.com captured 2.9m page views and 1.4m unique visitors during October.,Â ,Edipresse Media managing director Corinne Ng said collaboration is the â€œhallmarkâ€ of the â€œrapidly changing media landscapeâ€.Â  The deal with Mediacorp will extend the reach of Singapore Tatler, she added.,â€œWith Singapore Tatlerâ€™s strong heritage of over 36 years coupled with Mediacorpâ€™s extensive reach, we are able to provide unique insights into the current luxury landscape and inspiring lifestyle experiences to our audience of discerning individuals,â€ Ng said.,Mediacorp editor-in-chief Walter Fernandez said it will benefit both parties.,â€œWorking with Singapore Tatler will help CNA Lifestyle to expand its range of lifestyle-related content and better serve its audience online, on air and in the events space,â€ he said.,â€œThis partnership is testament to the ambitions of CNA Lifestyle to be the largest lifestyle destination in Singapore, and a major player in the region.â€,
,
,
,
,
,
,
,
,
,
,
,
,
,
,Sign up to our free daily update to get the latest in media and marketing",CNA Lifestyle and Tatler publisher Edipresse Media to collaborate on luxury content for Mediacorp,https://www.mumbrella.asia/2018/12/cna-lifestyle-and-tatler-publisher-to-collaborate-on-luxury-content-for-mediacorp,,,CNA Lifestyle and Tatler publisher Edipresse Media to collaborate on luxury content for Mediacorp - Mumbrella Asia
"Mumbrella Asia Awards,Mumbrella360 Asia,Mumbrella360 Asia,Singapore giant Mediacorp has torn up its traditional rate card for television, in order to appeal to a new generation of digital native advertisers more used to terms like CPM rather than the old world GRP metric.,It means discounts of up to 80% have been put in place across time slots.,First announced in February this year, Mediacorp claimed the card would offer â€œgreater value, effectiveness and impact with advertising spendâ€ and added â€œthe restructured rate card has been optimised for parity with digital media, resulting in potential savings of up to 80%â€.,This was done by introducing aÂ  pricing structure based on the digital CPM model (the cost required to get 1,000 impressions or views of an ad), a shift from the traditional TV-metric of GRPs (gross rating points, arrived at by calculating the percentage of the target market reached by an ad, multiplied by the frequency of their exposure to the ad).,Mediacorp said this would create â€œa consistent buying language and method, completely aligned to how marketers are thinking and buying mediaâ€.,The second key element in the announcement was bringing greater flexibility to its master contracts. Clients who previously had their advertising spends tied to specific media, would now be able to deploy their budget across Mediacorp assets in TV, radio, digital and Out-Of-Home.,To get a deeper insight into just how these benefits would accrue to advertisers, Mumbrella spoke to Mediacorpâ€™s chief commercial and digital officer Parminder Singh.,As per Singh, the starting point for the new rate card was to make television measurable, accountable and flexible.,Getting into greater detail on making television measurable, Singh said: â€œTV and digital video evolved in different time periods and trajectories and the terminology is very different.,â€œIn a way, CPM and GRP are related. It is all about the effectiveness of ads but so far it has not been directly correlated or compared.â€,Singh: Converting GRPs to CPM makes it easier for advertisers to decide the split between digital and television,Mediacorp intended to help advertisers who were used to doing GRP-based buys to get an idea of what that figure would mean in terms of CPM.,Explaining how the process works, Singh said: â€œOur customer group that works on a programme schedule comes up with projected ratings for different programmes. Depending on the time slot, the kind of programme and genre, the ratings change.,â€œWe have a robust mechanism to project ratings for a programme in the future. We take the ratings, convert that to the expected number of people who would watch a particular programme and that gives us the number of impressions an ad is likely to deliver.,â€œBased on the number of impressions, we back calculate that into CPM and arrive at the projected CPM for that particular ad.,â€œItâ€™s a robust system: our customer group gives us ratings, we convert that into impressions and then give the CPM for different ad slots.â€,Asked specifically about the savings that are likely to accrue from this system â€” Mediacorp claimed it could be as high as 80% â€”Singh said: â€œLet us take one of our popular channels: Channel 5, for instance. A typical prime time slot in used to cost $4,000 before we put the new rate card in place.,â€œNow that we have adjusted it and changed the rate card and made it more proportional to the ratings, it could be as low as $800.,â€œThatâ€™s a pretty significant price change. It is more reflective of the audience impression and ratings. The change wonâ€™t be the same across slots. But in some of the slots the change is pretty drastic.â€,Mediacorp expected the new rates to attract a fresh crop of advertisers. Singh said: â€œWhen advertisers know a medium is giving them better ROI and that it is measurable, accountable and flexible, they tend to increase investment.,â€œSome of the new economy advertisers may have believed TV is something they donâ€™t understand since they are more versed in a CPM language. Or they may have felt a national screen is out of reach. They will now find it affordable. Our message is â€˜go big on the national screen.â€™ We have all the storytelling ability of a big medium like television with all the flexibility and measurability of digital.â€,Asked whether Mediacorp would be be able to meet its objective of attracting a wider base of advertisers, Omnicom Media Group Singapore and Malaysia CEO Ranga Somanthan said: â€œAt this stage, we will probably see Mediacorp garner quick wins from mainly small- to medium-sized clients.,â€œWhat we are more excited about is the growth potential Mediacorp is creating, as it evolves to a more dynamic biddable pricing system in the next couple of years.â€,This was in part a proactive move and in part, a reaction to what agencies and marketers expected. Singh said: â€œWhen we decided to use CPM, it was a clear input from our agency partners. They were already converting GRPs to effective CPMs.,â€œThey said it would be great if the broadcaster helps them with that, officially. There is a great demand for CPM as a measure from advertisers.,â€œWe have an inventory of prime and non-prime. In the world of online, it is reservation versus programmatic.,â€œThe industry told us reservation can be equated to primetime and non-prime to programmatic. We can now tell advertisers, if you want to buy a primetime 9 pm drama on one of our popular channels, this is the CPM it will cost you. Compare that to digital video and decide where youâ€™d like to put your money.â€,Reacting to Mediacorpâ€™s decision to offer a GRP to CPM conversion, Somanathan said: â€œDeploying CPM measurement as a benchmark allows Mediacorp to price themselves more competitively against demand and supply pressures coming from digital video inventory.,â€œThey can put themselves back into the media plan from a cost savings point of view, so it is a right step forward for Mediacorp.,â€œThat said, it is paramount that we, as agencies, place more rigour in analysing TV performance, since the tendency to buy more at a cheaper price may not necessarily yield effective deliverables.â€,Somanathan: the tendency to buy more at a cheaper price may not necessarily yield effective deliverables,Addressing the creation of the new all-inclusive master contract, Singh said: â€œGone are the days when advertisers used to plan for a medium and stick with it. You want advertisers to benefit from the full dynamism of whatâ€™s out there and not be stuck to a particular medium.â€,This is also a way of encouraging advertisers to experiment with shifting ad dollars from media like TV to Mediacorpâ€™s websites or OTT platform, options that may otherwise have been low on the priority list for marketers.,Mediacorpâ€™s unique and structure â€” a state-owned broadcaster with multimedia interests â€” would no doubt have helped it put such a structure in place; a near impossibility in more fragmented media landscapes with a number of powerful private broadcasters vying for a share of the market.,Asked if there were any further expectations the agency and marketer ecosystem had from Mediacorp, Somanathan said: â€œMeeting agenciesâ€™ and clientsâ€™ expectations in areas like quality content creation, driving innovative partnerships and the openness to explore new avenues of advertising investment opportunities have placed Mediacorp in a strong place.,â€œThere is always room for further improvement, though.Â However, I am confident that Mediacorp has the right mindset and resources to continuously evolve and improve the advertising opportunities it provides.â€,Ravi is the editor at Mumbrella Asia. He has covered the marketing, advertising and media business for over two decades.,A bit late when nobody watches tv anymore. Rather redundant if you ask me.,How desperate are things in the new MediaCorp palace? Something in this story tells me revenue is falling drastically. Nothing in Mumbrella tells me what are the effects inside MediaCorp.,
,
,
,
,
,
,
,
,
,
,
,
,
,
,Sign up to our free daily update to get the latest in media and marketing",Mediacorp reboots TV rate card with discounts of 80% to draw in â€˜new economyâ€™ advertisers,https://www.mumbrella.asia/2019/03/mediacorp-reboots-tv-rate-card-with-discounts-of-80-to-draw-in-new-economy-advertisers,,,Mediacorp reboots TV rate card with discounts of 80% to draw in 'new economy' advertisers - Mumbrella Asia
"Mumbrella Asia Awards,Mumbrella360 Asia,Mumbrella360 Asia,Poignant sees â€˜shoppertainmentâ€™ as Lazadaâ€™s unique selling point,Yin waxes lyrical about Lazada,During the event, Lazada also launched its inaugural ,Dean is the general manager at Mumbrella Asia. He is an experienced British journalist, who has worked in a number of international markets including Singapore, Australia, Dubai, Switzerland and the United Kingdom. As well as his media work, he is also a published academic.,
,
,
,
,
,
,
,
,
,
,
,
,
,
,Sign up to our free daily update to get the latest in media and marketing",Lazada aiming to dominate ecommerce in South East Asia and act as a â€˜new brands incubatorâ€™,https://www.mumbrella.asia/2019/03/lazada-aiming-to-dominate-ecommerce-in-south-east-asia-and-act-as-a-brand-incubator,,,Lazada aiming to dominate ecommerce in South East Asia and act as a â€˜new brands incubatorâ€™ - Mumbrella Asia
